Series,Current,Min,Max,Average
Start Time,-1.79769e+308
End Time,1.79769e+308
Current Time,1.63085e+09
/Kastberg/_MSG_INDEX_,11960.000000,11861.000000,11960.000000,11910.500000
/Kastberg/data,152.000000,4.000000,252.000000,110.240000
/kthfs/result/_MSG_INDEX_,7170.000000,7071.000000,7170.000000,7120.500000
/kthfs/result/data,86693.335938,84053.335938,86693.335938,85373.333359