Series,Current,Min,Max,Average
Start Time,-1.79769e+308
End Time,1.79769e+308
Current Time,1.63045e+09
/Kastberg/_MSG_INDEX_,1111.000000,1012.000000,1111.000000,1061.500000
/Kastberg/data,196.000000,4.000000,252.000000,126.520000
/kthfs/result/_MSG_INDEX_,1077.000000,977.000000,1077.000000,1027.000000
/kthfs/result/data,30586.666016,27920.000000,30586.666016,29253.333327
